<TICKER>;<PER>;<DATE>;<TIME>;<OPEN>;<HIGH>;<LOW>;<CLOSE>;<VOL>
GAZP;1;050922;100100;251.0000000;251.0000000;249.2000000;249.6800000;1147660
GAZP;1;050922;100200;249.6800000;249.8700000;248.5500000;249.8700000;922600
GAZP;1;050922;100300;249.8700000;250.5000000;249.8300000;250.4300000;546770
GAZP;1;050922;100400;250.4200000;250.7000000;250.1000000;250.6100000;361150
GAZP;1;050922;100500;250.5100000;250.6400000;250.1500000;250.3000000;225300
GAZP;1;050922;100600;250.4000000;250.4000000;250.0000000;250.1200000;418170
GAZP;1;050922;100700;250.1700000;250.6600000;250.1200000;250.6600000;174220
GAZP;1;050922;100800;250.6600000;251.4900000;250.6600000;251.4800000;346590
GAZP;1;050922;100900;251.4800000;251.8400000;251.2000000;251.2200000;318150
GAZP;1;050922;101000;251.2200000;251.5000000;251.1200000;251.4000000;102710
GAZP;1;050922;101100;251.3900000;251.8500000;251.3500000;251.8100000;189500
GAZP;1;050922;101200;251.7800000;252.1100000;251.4100000;251.5000000;548920
GAZP;1;050922;101300;251.4600000;251.9100000;251.2900000;251.4300000;348920
GAZP;1;050922;101400;251.4300000;251.7900000;251.4000000;251.6100000;125810
GAZP;1;050922;101500;251.5900000;251.5900000;251.2200000;251.3100000;79910
GAZP;1;050922;101600;251.3500000;251.6000000;251.3500000;251.3800000;70720
GAZP;1;050922;101700;251.3600000;251.5500000;251.3100000;251.5000000;70270
GAZP;1;050922;101800;251.4900000;251.5000000;250.9000000;250.9500000;159860
GAZP;1;050922;101900;250.9000000;250.9700000;250.5800000;250.6500000;110270
GAZP;1;050922;102000;250.6100000;250.8200000;250.3600000;250.3800000;236190
GAZP;1;050922;102100;250.3800000;250.4700000;250.0100000;250.0900000;280230
GAZP;1;050922;102200;250.0300000;250.1300000;249.7500000;249.7500000;527580
GAZP;1;050922;102300;249.7600000;250.0800000;249.5100000;250.0800000;340070
GAZP;1;050922;102400;250.0700000;250.0700000;249.7500000;249.8500000;95930
GAZP;1;050922;102500;249.8700000;250.4000000;249.8000000;250.4000000;146070
GAZP;1;050922;102600;250.3600000;250.6700000;250.3200000;250.6700000;209690
GAZP;1;050922;102700;250.6600000;250.9900000;250.6600000;250.8500000;216470
GAZP;1;050922;102800;250.8500000;250.9900000;250.6600000;250.7500000;122820
GAZP;1;050922;102900;250.7500000;250.8800000;250.7000000;250.7500000;36220
GAZP;1;050922;103000;250.7700000;250.8000000;250.0500000;250.2600000;138660
GAZP;1;050922;103100;250.3700000;250.3700000;250.0000000;250.0900000;163190
GAZP;1;050922;103200;250.0800000;250.0800000;249.7300000;249.8500000;124260
GAZP;1;050922;103300;249.8600000;249.8900000;249.7000000;249.7800000;57690
GAZP;1;050922;103400;249.7800000;250.0500000;249.7800000;250.0500000;80190
GAZP;1;050922;103500;250.0500000;250.2000000;250.0100000;250.1500000;28160
GAZP;1;050922;103600;250.1500000;250.2200000;250.1300000;250.1600000;62900
GAZP;1;050922;103700;250.1600000;250.2500000;250.1600000;250.1700000;41440
GAZP;1;050922;103800;250.2000000;250.2500000;250.1600000;250.1800000;19570
GAZP;1;050922;103900;250.2000000;250.4000000;250.1800000;250.4000000;33280
GAZP;1;050922;104000;250.4000000;250.4000000;250.3400000;250.3600000;27230
GAZP;1;050922;104100;250.3500000;250.3800000;250.2500000;250.3000000;42120
GAZP;1;050922;104200;250.3000000;250.3000000;250.2200000;250.2600000;37500
GAZP;1;050922;104300;250.3000000;250.3900000;250.2600000;250.3800000;40860
GAZP;1;050922;104400;250.3700000;250.4900000;250.3100000;250.4900000;58010
GAZP;1;050922;104500;250.4900000;250.5800000;250.3500000;250.4200000;103250
GAZP;1;050922;104600;250.3800000;250.4300000;250.0100000;250.1200000;115230
GAZP;1;050922;104700;250.1500000;250.3200000;250.1200000;250.3200000;26630
GAZP;1;050922;104800;250.2500000;250.3500000;250.1800000;250.1800000;18270
GAZP;1;050922;104900;250.2500000;250.2500000;250.1500000;250.2000000;19490
GAZP;1;050922;105000;250.2000000;250.3700000;250.1500000;250.1500000;50570
GAZP;1;050922;105100;250.1900000;250.6700000;250.0000000;250.4800000;421990
GAZP;1;050922;105200;250.5800000;250.7000000;250.1000000;250.1100000;74850
GAZP;1;050922;105300;250.1300000;250.4600000;250.0900000;250.3100000;66110
GAZP;1;050922;105400;250.3300000;250.4600000;250.2200000;250.2200000;42540
GAZP;1;050922;105500;250.2200000;250.2900000;250.2000000;250.2800000;9300
GAZP;1;050922;105600;250.2100000;250.2700000;250.2000000;250.2500000;25860
GAZP;1;050922;105700;250.2300000;250.3000000;250.2200000;250.2500000;18510
GAZP;1;050922;105800;250.2400000;250.5500000;250.2200000;250.4800000;60050
GAZP;1;050922;105900;250.4800000;250.7600000;250.3100000;250.7500000;92540
GAZP;1;050922;110000;250.6600000;250.7200000;250.5100000;250.6200000;30050
GAZP;1;050922;110100;250.6000000;250.6200000;250.1000000;250.1300000;100590
GAZP;1;050922;110200;250.1300000;250.1600000;250.0000000;250.0000000;391760
GAZP;1;050922;110300;250.0000000;250.1800000;250.0000000;250.1500000;443030
GAZP;1;050922;110400;250.1500000;250.2800000;250.0000000;250.1700000;242540
GAZP;1;050922;110500;250.2500000;250.6300000;250.1700000;250.3400000;116100
GAZP;1;050922;110600;250.3200000;250.3200000;250.1400000;250.2000000;28300
GAZP;1;050922;110700;250.1600000;250.2000000;250.1400000;250.1600000;22090
GAZP;1;050922;110800;250.1600000;250.5600000;250.0600000;250.5000000;120710
GAZP;1;050922;110900;250.3600000;250.5100000;250.2400000;250.4300000;57160
GAZP;1;050922;111000;250.4000000;250.4400000;250.2000000;250.2900000;13460
GAZP;1;050922;111100;250.3000000;250.3000000;250.1000000;250.1600000;60350
GAZP;1;050922;111200;250.1500000;250.2900000;250.0600000;250.1500000;68790
GAZP;1;050922;111300;250.1300000;250.2000000;250.0700000;250.1300000;35300
GAZP;1;050922;111400;250.1300000;250.1300000;250.0400000;250.1000000;31020
GAZP;1;050922;111500;250.0500000;250.0800000;250.0200000;250.0300000;41570
GAZP;1;050922;111600;250.0200000;250.0300000;249.5000000;249.8000000;840620
GAZP;1;050922;111700;249.8000000;250.3900000;249.8000000;249.9600000;195760
GAZP;1;050922;111800;249.9800000;250.0000000;249.7500000;249.9000000;71230
GAZP;1;050922;111900;249.8800000;250.1500000;249.8000000;250.0800000;69130
GAZP;1;050922;112000;250.0800000;250.1500000;250.0000000;250.0600000;68870
GAZP;1;050922;112100;250.0000000;250.1200000;250.0000000;250.0100000;17850
GAZP;1;050922;112200;250.0500000;250.1500000;250.0400000;250.0400000;22720
GAZP;1;050922;112300;250.0400000;250.0400000;249.8600000;249.9500000;50440
GAZP;1;050922;112400;249.9000000;250.0200000;249.8600000;249.9500000;40380
GAZP;1;050922;112500;249.9300000;249.9300000;249.8000000;249.8200000;62990
GAZP;1;050922;112600;249.8800000;249.9500000;249.8000000;249.9500000;31130
GAZP;1;050922;112700;249.9500000;250.2000000;249.8500000;249.8500000;175600
GAZP;1;050922;112800;249.8600000;249.9700000;249.8100000;249.9400000;24420
GAZP;1;050922;112900;249.9500000;250.4000000;249.9100000;250.3300000;88030
GAZP;1;050922;113000;250.3500000;250.3500000;250.0600000;250.1100000;45150
GAZP;1;050922;113100;250.1300000;250.2800000;250.1000000;250.2800000;19980
GAZP;1;050922;113200;250.2200000;250.3000000;250.0400000;250.0900000;48770
GAZP;1;050922;113300;250.1000000;250.3600000;250.0400000;250.2900000;83020
GAZP;1;050922;113400;250.2500000;250.6500000;250.2500000;250.6000000;111610
GAZP;1;050922;113500;250.6100000;250.9800000;250.6100000;250.6700000;171030
GAZP;1;050922;113600;250.6500000;250.7800000;250.6500000;250.7400000;17020
GAZP;1;050922;113700;250.7500000;250.7500000;250.5500000;250.5500000;14900
GAZP;1;050922;113800;250.6000000;250.6000000;250.4600000;250.5100000;24120
GAZP;1;050922;113900;250.5000000;250.5000000;250.4100000;250.4100000;13480
GAZP;1;050922;114000;250.4100000;250.4100000;250.3000000;250.3400000;10560
GAZP;1;050922;114100;250.3400000;250.6100000;250.3000000;250.6100000;47230
GAZP;1;050922;114200;250.6500000;250.6500000;250.6000000;250.6500000;6410
GAZP;1;050922;114300;250.6500000;250.9600000;250.6400000;250.9600000;72890
GAZP;1;050922;114400;250.9100000;250.9600000;250.8700000;250.9500000;38220
GAZP;1;050922;114500;250.9500000;250.9500000;250.8700000;250.9200000;23670
GAZP;1;050922;114600;250.9100000;250.9900000;250.8600000;250.9900000;78300
GAZP;1;050922;114700;250.9900000;251.1400000;250.4000000;250.5300000;260050
GAZP;1;050922;114800;250.5200000;250.7500000;250.4500000;250.7000000;21200
GAZP;1;050922;114900;250.7300000;250.8000000;250.5200000;250.6000000;10210
GAZP;1;050922;115000;250.5800000;250.6400000;250.2200000;250.3200000;119440
GAZP;1;050922;115100;250.3200000;250.5100000;250.2900000;250.4600000;34340
GAZP;1;050922;115200;250.4500000;250.4500000;250.2800000;250.2800000;15190
GAZP;1;050922;115300;250.2800000;250.6800000;250.1400000;250.5200000;126780
GAZP;1;050922;115400;250.6000000;250.6200000;250.2000000;250.4000000;31800
GAZP;1;050922;115500;250.4800000;250.7000000;250.4000000;250.5700000;25090
GAZP;1;050922;115600;250.5900000;250.6700000;250.5100000;250.6400000;19480
GAZP;1;050922;115700;250.6300000;250.6400000;250.5000000;250.5500000;27630
GAZP;1;050922;115800;250.5700000;250.6000000;250.5000000;250.5300000;22820
GAZP;1;050922;115900;250.5700000;250.6500000;250.4800000;250.6400000;13220
GAZP;1;050922;120000;250.6400000;250.6700000;250.5700000;250.5900000;6440
GAZP;1;050922;120100;250.6000000;250.6500000;250.5900000;250.5900000;63470
GAZP;1;050922;120200;250.5900000;250.8000000;250.5900000;250.8000000;93970
GAZP;1;050922;120300;250.8000000;250.8000000;250.7000000;250.7100000;5750
GAZP;1;050922;120400;250.7700000;250.7700000;250.6000000;250.6700000;12580
GAZP;1;050922;120500;250.6800000;250.6800000;250.6100000;250.6100000;3460
GAZP;1;050922;120600;250.6400000;250.7000000;250.6100000;250.6400000;11050
GAZP;1;050922;120700;250.6900000;250.7500000;250.5900000;250.6800000;51600
GAZP;1;050922;120800;250.6800000;250.7100000;250.5900000;250.6200000;7450
GAZP;1;050922;120900;250.6200000;250.6200000;250.5900000;250.5900000;8090
GAZP;1;050922;121000;250.5900000;250.7200000;250.5900000;250.7200000;30940
GAZP;1;050922;121100;250.7200000;250.7200000;250.3100000;250.4400000;37610
GAZP;1;050922;121200;250.3800000;250.4900000;250.2000000;250.3500000;38120
GAZP;1;050922;121300;250.3400000;250.4400000;250.3000000;250.4000000;12460
GAZP;1;050922;121400;250.4000000;250.4000000;250.2500000;250.2800000;23710
GAZP;1;050922;121500;250.2500000;250.3000000;250.2500000;250.2500000;5360
GAZP;1;050922;121600;250.2800000;250.2800000;250.1800000;250.2000000;18630
GAZP;1;050922;121700;250.2000000;250.2000000;250.1200000;250.2000000;74280
GAZP;1;050922;121800;250.2000000;250.2000000;250.0200000;250.0900000;46800
GAZP;1;050922;121900;250.0900000;250.1500000;250.0900000;250.1200000;10200
GAZP;1;050922;122000;250.1200000;250.2000000;250.1200000;250.1700000;17830
GAZP;1;050922;122100;250.1700000;250.2000000;250.0900000;250.1500000;27920
GAZP;1;050922;122200;250.1200000;250.1900000;250.0900000;250.1800000;19070
GAZP;1;050922;122300;250.1800000;250.1800000;250.0900000;250.1300000;33670
GAZP;1;050922;122400;250.1300000;250.1300000;250.0900000;250.0900000;13890
GAZP;1;050922;122500;250.1100000;250.1300000;250.0900000;250.0900000;20120
GAZP;1;050922;122600;250.1000000;250.1000000;250.0900000;250.0900000;30140
GAZP;1;050922;122700;250.0900000;250.1000000;250.0900000;250.0900000;10570
GAZP;1;050922;122800;250.1000000;250.2000000;250.0900000;250.1800000;24860
GAZP;1;050922;122900;250.2000000;250.3600000;250.1800000;250.3600000;25070
GAZP;1;050922;123000;250.3500000;250.4000000;250.3000000;250.3600000;13830
GAZP;1;050922;123100;250.4000000;250.4100000;250.2300000;250.3300000;15390
GAZP;1;050922;123200;250.3300000;250.3500000;250.2100000;250.2500000;8380
GAZP;1;050922;123300;250.2500000;250.3000000;250.2300000;250.2300000;7330
GAZP;1;050922;123400;250.2500000;250.3300000;250.2300000;250.2600000;11750
GAZP;1;050922;123500;250.3100000;250.3100000;250.2600000;250.2600000;1980
GAZP;1;050922;123600;250.2600000;250.3000000;250.2000000;250.2400000;12330
GAZP;1;050922;123700;250.2900000;250.3100000;250.2400000;250.3000000;7880
GAZP;1;050922;123800;250.3100000;250.3500000;250.3000000;250.3500000;7820
GAZP;1;050922;123900;250.3500000;250.3700000;250.3100000;250.3100000;7480
GAZP;1;050922;124000;250.3100000;250.3700000;250.3000000;250.3200000;11440
GAZP;1;050922;124100;250.3200000;250.5000000;250.3000000;250.4400000;43540
GAZP;1;050922;124200;250.5000000;250.5400000;250.4500000;250.5400000;14020
GAZP;1;050922;124300;250.5400000;250.6900000;250.5200000;250.6800000;55920
GAZP;1;050922;124400;250.6800000;250.6900000;250.4600000;250.4700000;26720
GAZP;1;050922;124500;250.5600000;250.5600000;250.3200000;250.3200000;19030
GAZP;1;050922;124600;250.4000000;250.4000000;250.1500000;250.2100000;35560
GAZP;1;050922;124700;250.2100000;250.3600000;250.1200000;250.3600000;17520
GAZP;1;050922;124800;250.3000000;250.4000000;250.2900000;250.4000000;3480
GAZP;1;050922;124900;250.4000000;250.4200000;250.3000000;250.3000000;6420
GAZP;1;050922;125000;250.2900000;250.4100000;250.2500000;250.3500000;8190
GAZP;1;050922;125100;250.3500000;250.3500000;250.2600000;250.2600000;4390
GAZP;1;050922;125200;250.3300000;250.3300000;250.2600000;250.3000000;4170
GAZP;1;050922;125300;250.2800000;250.3500000;250.2600000;250.3000000;12870
GAZP;1;050922;125400;250.3400000;250.3500000;250.2700000;250.2700000;5120
GAZP;1;050922;125500;250.2700000;250.3500000;250.2700000;250.2700000;15470
GAZP;1;050922;125600;250.2700000;250.3200000;250.2600000;250.3000000;22820
GAZP;1;050922;125700;250.2800000;250.3300000;250.2500000;250.2500000;18450
GAZP;1;050922;125800;250.3200000;250.4000000;250.2700000;250.3500000;14090
GAZP;1;050922;125900;250.3200000;250.3700000;250.2700000;250.3400000;6440
GAZP;1;050922;130000;250.3400000;250.3500000;250.2500000;250.3000000;16110
GAZP;1;050922;130100;250.3000000;250.3200000;250.1800000;250.2500000;22370
GAZP;1;050922;130200;250.2100000;250.4500000;250.2100000;250.4500000;18910
GAZP;1;050922;130300;250.4500000;250.4900000;250.3300000;250.4700000;21120
GAZP;1;050922;130400;250.4600000;250.4600000;250.3100000;250.3100000;8450
GAZP;1;050922;130500;250.3500000;250.3900000;250.3000000;250.3900000;5600
GAZP;1;050922;130600;250.3900000;250.3900000;250.2500000;250.3100000;4160
GAZP;1;050922;130700;250.3000000;250.3000000;250.2100000;250.2400000;30580
GAZP;1;050922;130800;250.2400000;250.2800000;250.2100000;250.2800000;9230
GAZP;1;050922;130900;250.2500000;250.4700000;250.2500000;250.4200000;46970
GAZP;1;050922;131000;250.4600000;250.5000000;250.4100000;250.5000000;46660
GAZP;1;050922;131100;250.4800000;250.4900000;250.3800000;250.4300000;14640
GAZP;1;050922;131200;250.4300000;250.4800000;250.3300000;250.4800000;7130
GAZP;1;050922;131300;250.4700000;250.5200000;250.4100000;250.4900000;30730
GAZP;1;050922;131400;250.4600000;250.8300000;250.4600000;250.7900000;109690
GAZP;1;050922;131500;250.8200000;250.8300000;250.7000000;250.7900000;43310
GAZP;1;050922;131600;250.7500000;250.8200000;250.5500000;250.5500000;63220
GAZP;1;050922;131700;250.5500000;250.7500000;250.5000000;250.7400000;20680
GAZP;1;050922;131800;250.7000000;250.7200000;250.2000000;250.2000000;87380
GAZP;1;050922;131900;250.2500000;250.3400000;250.2000000;250.2100000;49750
GAZP;1;050922;132000;250.2000000;250.2400000;250.1500000;250.2000000;22440
GAZP;1;050922;132100;250.2400000;250.2700000;250.2000000;250.2500000;8920
GAZP;1;050922;132200;250.2400000;250.3000000;250.2100000;250.2400000;4250
GAZP;1;050922;132300;250.2900000;250.3000000;250.2300000;250.2300000;8880
GAZP;1;050922;132400;250.2400000;250.3100000;250.2300000;250.3100000;6860
GAZP;1;050922;132500;250.3100000;250.3800000;250.2400000;250.3400000;14730
GAZP;1;050922;132600;250.3000000;250.4000000;250.2300000;250.3500000;13030
GAZP;1;050922;132700;250.3500000;250.4000000;250.3000000;250.3400000;6640
GAZP;1;050922;132800;250.3400000;250.3800000;250.2700000;250.2700000;11510
GAZP;1;050922;132900;250.2700000;250.3800000;250.2400000;250.3600000;17280
GAZP;1;050922;133000;250.3600000;250.3800000;250.2300000;250.3200000;32390
GAZP;1;050922;133100;250.3200000;250.3800000;250.2500000;250.2700000;7290
GAZP;1;050922;133200;250.3000000;250.3200000;250.2700000;250.3100000;2970
GAZP;1;050922;133300;250.3100000;250.4000000;250.2800000;250.3500000;10730
GAZP;1;050922;133400;250.3500000;250.4500000;250.2700000;250.4400000;13610
GAZP;1;050922;133500;250.3800000;250.4600000;250.3500000;250.3900000;3360
GAZP;1;050922;133600;250.4600000;250.4900000;250.4000000;250.4800000;16850
GAZP;1;050922;133700;250.4800000;250.4900000;250.3000000;250.3500000;117940
GAZP;1;050922;133800;250.3500000;250.4500000;250.2800000;250.4500000;17890
GAZP;1;050922;133900;250.3600000;250.4500000;250.3500000;250.4500000;16390
GAZP;1;050922;134000;250.4400000;250.4400000;250.3700000;250.4300000;2640
GAZP;1;050922;134100;250.4300000;250.4300000;250.3200000;250.4200000;5410
GAZP;1;050922;134200;250.4000000;250.4300000;250.4000000;250.4200000;7590
GAZP;1;050922;134300;250.4200000;250.4300000;250.3600000;250.4100000;6820
GAZP;1;050922;134400;250.4100000;250.4200000;250.3200000;250.3600000;8340
GAZP;1;050922;134500;250.4000000;250.4200000;250.3300000;250.4000000;12120
GAZP;1;050922;134600;250.4000000;250.4000000;250.2500000;250.4000000;36270
GAZP;1;050922;134700;250.4000000;250.6000000;250.3900000;250.4500000;263330
GAZP;1;050922;134800;250.4500000;250.4500000;250.3900000;250.4500000;5720
GAZP;1;050922;134900;250.4500000;250.4500000;250.3700000;250.3900000;4270
GAZP;1;050922;135000;250.4000000;250.4900000;250.3100000;250.3200000;10590
GAZP;1;050922;135100;250.3100000;250.3400000;250.2700000;250.3000000;7710
GAZP;1;050922;135200;250.3000000;250.3000000;250.2400000;250.3000000;7230
GAZP;1;050922;135300;250.3000000;250.3300000;250.2500000;250.3000000;20230
GAZP;1;050922;135400;250.3300000;250.3700000;250.2900000;250.3400000;2350
GAZP;1;050922;135500;250.3400000;250.3400000;250.2800000;250.2900000;5910
GAZP;1;050922;135600;250.2900000;250.3400000;250.2800000;250.3300000;1580
GAZP;1;050922;135700;250.3300000;250.3400000;250.2800000;250.3400000;4830
GAZP;1;050922;135800;250.3400000;250.3600000;250.3000000;250.3500000;5140
GAZP;1;050922;135900;250.3500000;250.3900000;250.3000000;250.3300000;6540
GAZP;1;050922;140000;250.3200000;250.3800000;250.3000000;250.3300000;5490
GAZP;1;050922;140100;250.3200000;250.4000000;250.2500000;250.4000000;18240
GAZP;1;050922;140200;250.4000000;250.4000000;250.3500000;250.3500000;7180
GAZP;1;050922;140300;250.3900000;250.4900000;250.3500000;250.4800000;7720
GAZP;1;050922;140400;250.4900000;250.4900000;250.4100000;250.4900000;3560
GAZP;1;050922;140500;250.4500000;250.4900000;250.4000000;250.4900000;4260
GAZP;1;050922;140600;250.4700000;250.4700000;250.3500000;250.4000000;14860
GAZP;1;050922;140700;250.3500000;250.4200000;250.3000000;250.3800000;19330
GAZP;1;050922;140800;250.3800000;250.3900000;250.2700000;250.3000000;13960
GAZP;1;050922;140900;250.3000000;250.3700000;250.3000000;250.3500000;8680
GAZP;1;050922;141000;250.3500000;250.4000000;250.3300000;250.3900000;6380
GAZP;1;050922;141100;250.3900000;250.4000000;250.3200000;250.4000000;11830
GAZP;1;050922;141200;250.3500000;250.4500000;250.3200000;250.4000000;8340
GAZP;1;050922;141300;250.4500000;250.4900000;250.3400000;250.3400000;7150
GAZP;1;050922;141400;250.4100000;250.4500000;250.3400000;250.3500000;14310
GAZP;1;050922;141500;250.3500000;250.4400000;250.3000000;250.3300000;15010
GAZP;1;050922;141600;250.3700000;250.4300000;250.3700000;250.4300000;2330
GAZP;1;050922;141700;250.4300000;250.4400000;250.3800000;250.4200000;4900
GAZP;1;050922;141800;250.4200000;250.4500000;250.3700000;250.3900000;18610
GAZP;1;050922;141900;250.4000000;250.4000000;250.3300000;250.3800000;17030
GAZP;1;050922;142000;250.4000000;250.5500000;250.4000000;250.5200000;68540
GAZP;1;050922;142100;250.5200000;250.5500000;250.5000000;250.5500000;13780
GAZP;1;050922;142200;250.5400000;250.7600000;250.5400000;250.6900000;77700
GAZP;1;050922;142300;250.7000000;250.7000000;250.5900000;250.5900000;13540
GAZP;1;050922;142400;250.6200000;250.6900000;250.5000000;250.5000000;30870
GAZP;1;050922;142500;250.5300000;250.8200000;250.5200000;250.7500000;79410
GAZP;1;050922;142600;250.7500000;250.7600000;250.5500000;250.6500000;35610
GAZP;1;050922;142700;250.6500000;250.6500000;250.5400000;250.5500000;11130
GAZP;1;050922;142800;250.5500000;250.5500000;250.5000000;250.5100000;39860
GAZP;1;050922;142900;250.5000000;250.6000000;250.5000000;250.5400000;77080
GAZP;1;050922;143000;250.5400000;250.7000000;250.5400000;250.6100000;21450
GAZP;1;050922;143100;250.6100000;250.6700000;250.5200000;250.5800000;18760
GAZP;1;050922;143200;250.5500000;250.5600000;250.5000000;250.5000000;47100
GAZP;1;050922;143300;250.5100000;250.6600000;250.5000000;250.6500000;43780
GAZP;1;050922;143400;250.6500000;250.6700000;250.6000000;250.6000000;14460
GAZP;1;050922;143500;250.5900000;250.6000000;250.5000000;250.6000000;131740
GAZP;1;050922;143600;250.5300000;250.6500000;250.5300000;250.5500000;9860
GAZP;1;050922;143700;250.5200000;250.5600000;250.5000000;250.5200000;6970
GAZP;1;050922;143800;250.5000000;250.5600000;250.5000000;250.5600000;24910
GAZP;1;050922;143900;250.5500000;250.6800000;250.5500000;250.6600000;4760
GAZP;1;050922;144000;250.6700000;250.7400000;250.6600000;250.6800000;19270
GAZP;1;050922;144100;250.6700000;250.7300000;250.5400000;250.6100000;14370
GAZP;1;050922;144200;250.6700000;250.6900000;250.6000000;250.6000000;9610
GAZP;1;050922;144300;250.6100000;250.6100000;250.5800000;250.5900000;4570
GAZP;1;050922;144400;250.5900000;250.5900000;250.5500000;250.5900000;20530
GAZP;1;050922;144500;250.5900000;250.5900000;250.5400000;250.5500000;5400
GAZP;1;050922;144600;250.5900000;250.7000000;250.5900000;250.6300000;21960
GAZP;1;050922;144700;250.6900000;250.6900000;250.5400000;250.6200000;3290
GAZP;1;050922;144800;250.6200000;250.7000000;250.5700000;250.6900000;2740
GAZP;1;050922;144900;250.6800000;250.7500000;250.6400000;250.7400000;17480
GAZP;1;050922;145000;250.7400000;250.7500000;250.6700000;250.7400000;8830
GAZP;1;050922;145100;250.7400000;250.9900000;250.7000000;250.9400000;97950
GAZP;1;050922;145200;250.9400000;250.9700000;250.8500000;250.9200000;24070
GAZP;1;050922;145300;250.9300000;251.0000000;250.9000000;250.9900000;304190
GAZP;1;050922;145400;250.9900000;251.4900000;250.7600000;251.4000000;271210
GAZP;1;050922;145500;251.4400000;251.4400000;251.1900000;251.4200000;54630
GAZP;1;050922;145600;251.3700000;251.5000000;251.3700000;251.4900000;172910
GAZP;1;050922;145700;251.4700000;251.5000000;251.4000000;251.4700000;26740
GAZP;1;050922;145800;251.4700000;251.4800000;251.3000000;251.3600000;22860
GAZP;1;050922;145900;251.3500000;251.3700000;251.1600000;251.1900000;62410
GAZP;1;050922;150000;251.2000000;251.2300000;251.1000000;251.1800000;26770
GAZP;1;050922;150100;251.1000000;251.2000000;251.0100000;251.0300000;56960
GAZP;1;050922;150200;251.0400000;251.2300000;251.0200000;251.1300000;40880
GAZP;1;050922;150300;251.2100000;251.4200000;251.2000000;251.4200000;47650
GAZP;1;050922;150400;251.4000000;251.4400000;251.1800000;251.2400000;24930
GAZP;1;050922;150500;251.2400000;251.3800000;251.2300000;251.3000000;9760
GAZP;1;050922;150600;251.3000000;251.3500000;251.3000000;251.3200000;3430
GAZP;1;050922;150700;251.3200000;251.3800000;251.2800000;251.2800000;20520
GAZP;1;050922;150800;251.3000000;251.3000000;251.1900000;251.2300000;54360
GAZP;1;050922;150900;251.2300000;251.2500000;251.0800000;251.1400000;20450
GAZP;1;050922;151000;251.1400000;251.2000000;251.0000000;251.0800000;34720
GAZP;1;050922;151100;251.0500000;251.1000000;251.0000000;251.0300000;35160
GAZP;1;050922;151200;251.0500000;251.1000000;251.0500000;251.0900000;8950
GAZP;1;050922;151300;251.1000000;251.1000000;251.0200000;251.0300000;7330
GAZP;1;050922;151400;251.0200000;251.0300000;250.9100000;250.9100000;18940
GAZP;1;050922;151500;250.9100000;251.1000000;250.9000000;251.0500000;36960
GAZP;1;050922;151600;251.1000000;251.1000000;251.0000000;251.1000000;8080
GAZP;1;050922;151700;251.0700000;251.1000000;251.0500000;251.1000000;5390
GAZP;1;050922;151800;251.1000000;251.2000000;251.0400000;251.2000000;23120
GAZP;1;050922;151900;251.2000000;251.3000000;251.1800000;251.3000000;29170
GAZP;1;050922;152000;251.3000000;251.3000000;251.2500000;251.2500000;162520
GAZP;1;050922;152100;251.2700000;251.3700000;251.2700000;251.3700000;168540
GAZP;1;050922;152200;251.3700000;251.3700000;251.3000000;251.3100000;177280
GAZP;1;050922;152300;251.3000000;251.3500000;251.3000000;251.3100000;11970
GAZP;1;050922;152400;251.3200000;251.3700000;251.3000000;251.3500000;66560
GAZP;1;050922;152500;251.3100000;251.3500000;251.3000000;251.3000000;174850
GAZP;1;050922;152600;251.3300000;251.3300000;251.3000000;251.3200000;12820
GAZP;1;050922;152700;251.3200000;251.3700000;251.3200000;251.3400000;66660
GAZP;1;050922;152800;251.3200000;251.3500000;251.3000000;251.3000000;26630
GAZP;1;050922;152900;251.3400000;251.3700000;251.3000000;251.3500000;82210
GAZP;1;050922;153000;251.3500000;251.3500000;251.3000000;251.3300000;28910
GAZP;1;050922;153100;251.3500000;251.3700000;251.3100000;251.3100000;26280
GAZP;1;050922;153200;251.3400000;251.3500000;251.3100000;251.3400000;15650
GAZP;1;050922;153300;251.3400000;251.3500000;251.3000000;251.3300000;13790
GAZP;1;050922;153400;251.3300000;251.3500000;251.3000000;251.3000000;91770
GAZP;1;050922;153500;251.3100000;251.3500000;251.3000000;251.3100000;36940
GAZP;1;050922;153600;251.3200000;251.3500000;251.3000000;251.3400000;62910
GAZP;1;050922;153700;251.3300000;251.3400000;251.0500000;251.0500000;386570
GAZP;1;050922;153800;251.0600000;251.2000000;251.0600000;251.1500000;17130
GAZP;1;050922;153900;251.1500000;251.1800000;251.0500000;251.1200000;16380
GAZP;1;050922;154000;251.1400000;251.2000000;251.1000000;251.1500000;29930
GAZP;1;050922;154100;251.1500000;251.1500000;250.8000000;250.8800000;112810
GAZP;1;050922;154200;250.8900000;251.0500000;250.8000000;251.0500000;26370
GAZP;1;050922;154300;251.0400000;251.2500000;251.0400000;251.1900000;17860
GAZP;1;050922;154400;251.1900000;251.2000000;251.0900000;251.1500000;11680
GAZP;1;050922;154500;251.1000000;251.1500000;251.0100000;251.1500000;9860
GAZP;1;050922;154600;251.1500000;251.1600000;251.0900000;251.1300000;3230
GAZP;1;050922;154700;251.0900000;251.2000000;251.0900000;251.0900000;41500
GAZP;1;050922;154800;251.0800000;251.1900000;251.0000000;251.1000000;48130
GAZP;1;050922;154900;251.0900000;251.1500000;250.8500000;250.9800000;42450
GAZP;1;050922;155000;251.0900000;251.0900000;250.9000000;250.9500000;34010
GAZP;1;050922;155100;250.9500000;251.1000000;250.9300000;251.0200000;25370
GAZP;1;050922;155200;251.0500000;251.1000000;251.0000000;251.0000000;12270
GAZP;1;050922;155300;251.0300000;251.0800000;250.9500000;251.0000000;26130
GAZP;1;050922;155400;250.9800000;251.0200000;250.8600000;250.8700000;52860
GAZP;1;050922;155500;250.8700000;250.9600000;250.8700000;250.8900000;18580
GAZP;1;050922;155600;250.9000000;251.1000000;250.8900000;251.0900000;26100
GAZP;1;050922;155700;251.0800000;251.0900000;250.9000000;251.0000000;39000
GAZP;1;050922;155800;251.0000000;251.0000000;250.9100000;250.9100000;22900
GAZP;1;050922;155900;250.9100000;250.9100000;250.8100000;250.8400000;47210
GAZP;1;050922;160000;250.8300000;250.8500000;250.8100000;250.8300000;20200
GAZP;1;050922;160100;250.8300000;250.8500000;250.8100000;250.8400000;18660
GAZP;1;050922;160200;250.8400000;250.9000000;250.8300000;250.9000000;7590
GAZP;1;050922;160300;250.9000000;251.0600000;250.9000000;251.0600000;25870
GAZP;1;050922;160400;251.0700000;251.1300000;251.0500000;251.1300000;33920
GAZP;1;050922;160500;251.1400000;251.1600000;251.0500000;251.1000000;15230
GAZP;1;050922;160600;251.1000000;251.1600000;251.0500000;251.0600000;6780
GAZP;1;050922;160700;251.0900000;251.1400000;251.0500000;251.1300000;9930
GAZP;1;050922;160800;251.1400000;251.1500000;251.0500000;251.1100000;21820
GAZP;1;050922;160900;251.1400000;251.1700000;251.0000000;251.0600000;13920
GAZP;1;050922;161000;251.0100000;251.0400000;250.8000000;250.9000000;31760
GAZP;1;050922;161100;250.8300000;250.9300000;250.6500000;250.7600000;80420
GAZP;1;050922;161200;250.8100000;250.9800000;250.8100000;250.9000000;34860
GAZP;1;050922;161300;250.9000000;250.9600000;250.8100000;250.9000000;21520
GAZP;1;050922;161400;250.8800000;250.9000000;250.8000000;250.8000000;19770
GAZP;1;050922;161500;250.8000000;250.8800000;250.8000000;250.8300000;7030
GAZP;1;050922;161600;250.8400000;250.8500000;250.7400000;250.8000000;19140
GAZP;1;050922;161700;250.8500000;250.8500000;250.7800000;250.8500000;6460
GAZP;1;050922;161800;250.8500000;250.8500000;250.5100000;250.6000000;106510
GAZP;1;050922;161900;250.6100000;250.6300000;250.3000000;250.3800000;147460
GAZP;1;050922;162000;250.3600000;250.5500000;250.3100000;250.5500000;76270
GAZP;1;050922;162100;250.5500000;250.5500000;250.3300000;250.3500000;22330
GAZP;1;050922;162200;250.3900000;250.3900000;250.2400000;250.2400000;65100
GAZP;1;050922;162300;250.2400000;250.2500000;250.1100000;250.1400000;90050
GAZP;1;050922;162400;250.1400000;250.2500000;250.1000000;250.2500000;119820
GAZP;1;050922;162500;250.2800000;250.3000000;250.2100000;250.2400000;87850
GAZP;1;050922;162600;250.2400000;250.2700000;250.2000000;250.2500000;29620
GAZP;1;050922;162700;250.2100000;250.2500000;250.1200000;250.1400000;41220
GAZP;1;050922;162800;250.1600000;250.2500000;250.0900000;250.0900000;124570
GAZP;1;050922;162900;250.0900000;250.1200000;250.0400000;250.0500000;126040
GAZP;1;050922;163000;250.0700000;250.1300000;250.0500000;250.0900000;20430
GAZP;1;050922;163100;250.0900000;250.1300000;250.0500000;250.1000000;16530
GAZP;1;050922;163200;250.1000000;250.1500000;250.0600000;250.1500000;19930
GAZP;1;050922;163300;250.1600000;250.1600000;250.0700000;250.1000000;20280
GAZP;1;050922;163400;250.1100000;250.2200000;250.0900000;250.2000000;20700
GAZP;1;050922;163500;250.2000000;250.2400000;250.1000000;250.1500000;25500
GAZP;1;050922;163600;250.1500000;250.3000000;250.1400000;250.2500000;22430
GAZP;1;050922;163700;250.2900000;250.3000000;250.2500000;250.2800000;52840
GAZP;1;050922;163800;250.2800000;250.3000000;250.0300000;250.0500000;141660
GAZP;1;050922;163900;250.0300000;250.1400000;250.0300000;250.0800000;14420
GAZP;1;050922;164000;250.0800000;250.0900000;250.0300000;250.0400000;28290
GAZP;1;050922;164100;250.0800000;250.0800000;250.0100000;250.0300000;156970
GAZP;1;050922;164200;250.0300000;250.1900000;250.0000000;250.0600000;592840
GAZP;1;050922;164300;250.1400000;250.4900000;250.0100000;250.4100000;86720
GAZP;1;050922;164400;250.3600000;250.3900000;250.1700000;250.2500000;31010
GAZP;1;050922;164500;250.2500000;250.2500000;250.0800000;250.1000000;10860
GAZP;1;050922;164600;250.1200000;250.2500000;250.1000000;250.1800000;20330
GAZP;1;050922;164700;250.1700000;250.2900000;250.1700000;250.2900000;32760
GAZP;1;050922;164800;250.2200000;250.4000000;250.1900000;250.4000000;15970
GAZP;1;050922;164900;250.3600000;250.4000000;250.3000000;250.3500000;20060
GAZP;1;050922;165000;250.3500000;250.3500000;250.3000000;250.3400000;2610
GAZP;1;050922;165100;250.3400000;250.4800000;250.3400000;250.4000000;77100
GAZP;1;050922;165200;250.4400000;250.4500000;250.3100000;250.4000000;9910
GAZP;1;050922;165300;250.4000000;250.4500000;250.4000000;250.4500000;17880
GAZP;1;050922;165400;250.4400000;250.7000000;250.4400000;250.6300000;76990
GAZP;1;050922;165500;250.6300000;250.9900000;250.6300000;250.9400000;83320
GAZP;1;050922;165600;250.9200000;250.9900000;250.8600000;250.9800000;46910
GAZP;1;050922;165700;250.9700000;251.0000000;250.8000000;250.8000000;24460
GAZP;1;050922;165800;250.8000000;250.8500000;250.7300000;250.7300000;4860
GAZP;1;050922;165900;250.7300000;250.8600000;250.7300000;250.7900000;4800
GAZP;1;050922;170000;250.7900000;250.8000000;250.7300000;250.7500000;18380
GAZP;1;050922;170100;250.7500000;250.7900000;250.5900000;250.6800000;29230
GAZP;1;050922;170200;250.6900000;250.7900000;250.6800000;250.7600000;10640
GAZP;1;050922;170300;250.7700000;250.7900000;250.7200000;250.7900000;9430
GAZP;1;050922;170400;250.8000000;250.8600000;250.8000000;250.8400000;10420
GAZP;1;050922;170500;250.8400000;250.8700000;250.8000000;250.8600000;8360
GAZP;1;050922;170600;250.8500000;250.8600000;250.8400000;250.8500000;18670
GAZP;1;050922;170700;250.8400000;250.9300000;250.8400000;250.9000000;52260
GAZP;1;050922;170800;250.9000000;250.9000000;250.8400000;250.9000000;12650
GAZP;1;050922;170900;250.8600000;250.9000000;250.8500000;250.9000000;8280
GAZP;1;050922;171000;250.9000000;250.9000000;250.8500000;250.8800000;5580
GAZP;1;050922;171100;250.8900000;250.9100000;250.8700000;250.9000000;9660
GAZP;1;050922;171200;250.8600000;250.9400000;250.8600000;250.9400000;6510
GAZP;1;050922;171300;250.9400000;250.9400000;250.9000000;250.9300000;7530
GAZP;1;050922;171400;250.9300000;251.1400000;250.9300000;251.1200000;72630
GAZP;1;050922;171500;251.1300000;251.1300000;250.9600000;251.1200000;8700
GAZP;1;050922;171600;251.1200000;251.2000000;251.1000000;251.1900000;31130
GAZP;1;050922;171700;251.1900000;251.2000000;251.0200000;251.1800000;79570
GAZP;1;050922;171800;251.1700000;251.1800000;251.1400000;251.1600000;13660
GAZP;1;050922;171900;251.1500000;251.1800000;251.1400000;251.1500000;9230
GAZP;1;050922;172000;251.1500000;251.1600000;251.0000000;251.1200000;19930
GAZP;1;050922;172100;251.1200000;251.1200000;250.9000000;250.9000000;29120
GAZP;1;050922;172200;250.9100000;251.0000000;250.9100000;250.9900000;6440
GAZP;1;050922;172300;250.9900000;250.9900000;250.9000000;250.9000000;26370
GAZP;1;050922;172400;250.9400000;250.9900000;250.9000000;250.9900000;9440
GAZP;1;050922;172500;250.9800000;250.9900000;250.9100000;250.9800000;6810
GAZP;1;050922;172600;250.9800000;250.9900000;250.9500000;250.9700000;9660
GAZP;1;050922;172700;250.9600000;250.9900000;250.9500000;250.9500000;24740
GAZP;1;050922;172800;250.9600000;250.9900000;250.9500000;250.9800000;8380
GAZP;1;050922;172900;250.9900000;250.9900000;250.7000000;250.7300000;130420
GAZP;1;050922;173000;250.7200000;250.7300000;250.5700000;250.6600000;40990
GAZP;1;050922;173100;250.6600000;250.8500000;250.6200000;250.8400000;22990
GAZP;1;050922;173200;250.8500000;250.9000000;250.8000000;250.9000000;16500
GAZP;1;050922;173300;250.9000000;251.0000000;250.8200000;250.8400000;80880
GAZP;1;050922;173400;250.8800000;250.9400000;250.8200000;250.8500000;11240
GAZP;1;050922;173500;250.8200000;250.8700000;250.8200000;250.8600000;11230
GAZP;1;050922;173600;250.8700000;250.8800000;250.8100000;250.8500000;72720
GAZP;1;050922;173700;250.8500000;250.8600000;250.8300000;250.8300000;11180
GAZP;1;050922;173800;250.8200000;250.8300000;250.7100000;250.8000000;11550
GAZP;1;050922;173900;250.8000000;250.8000000;250.5200000;250.6100000;26050
GAZP;1;050922;174000;250.6900000;250.6900000;250.5400000;250.6400000;21150
GAZP;1;050922;174100;250.6000000;250.6500000;250.5500000;250.6200000;13070
GAZP;1;050922;174200;250.6100000;250.7500000;250.6100000;250.7500000;12860
GAZP;1;050922;174300;250.7500000;250.7500000;250.6800000;250.7500000;2860
GAZP;1;050922;174400;250.7400000;250.7600000;250.6900000;250.7500000;9490
GAZP;1;050922;174500;250.7500000;250.7800000;250.4200000;250.4300000;27620
GAZP;1;050922;174600;250.4200000;250.6900000;250.3300000;250.6300000;38520
GAZP;1;050922;174700;250.6200000;250.7000000;250.5600000;250.6900000;8410
GAZP;1;050922;174800;250.6900000;250.7300000;250.5200000;250.6000000;12720
GAZP;1;050922;174900;250.6000000;250.6100000;250.3000000;250.4400000;66950
GAZP;1;050922;175000;250.4400000;250.4600000;250.1400000;250.1800000;117330
GAZP;1;050922;175100;250.1800000;250.2000000;250.0600000;250.0700000;188780
GAZP;1;050922;175200;250.0700000;250.2200000;250.0600000;250.1800000;59930
GAZP;1;050922;175300;250.2000000;250.2200000;250.1700000;250.2100000;17050
GAZP;1;050922;175400;250.2000000;250.3000000;250.1700000;250.2400000;25450
GAZP;1;050922;175500;250.2500000;250.3900000;250.2500000;250.3900000;14810
GAZP;1;050922;175600;250.3800000;250.3800000;250.2300000;250.3200000;11360
GAZP;1;050922;175700;250.3000000;250.4000000;250.2600000;250.4000000;22090
GAZP;1;050922;175800;250.3700000;250.4000000;250.3300000;250.4000000;6690
GAZP;1;050922;175900;250.3900000;250.4000000;250.2400000;250.3000000;9780
GAZP;1;050922;180000;250.2600000;250.3500000;250.2500000;250.3000000;20590
GAZP;1;050922;180100;250.3000000;250.4800000;250.2500000;250.4800000;27980
GAZP;1;050922;180200;250.3700000;250.4800000;250.3700000;250.4600000;6180
GAZP;1;050922;180300;250.4700000;250.4800000;250.2400000;250.3300000;55400
GAZP;1;050922;180400;250.3000000;250.3800000;250.2300000;250.2300000;18640
GAZP;1;050922;180500;250.2400000;250.3000000;250.2000000;250.2000000;83010
GAZP;1;050922;180600;250.2300000;250.2500000;250.1000000;250.1500000;73730
GAZP;1;050922;180700;250.1500000;250.1500000;250.0600000;250.1400000;83380
GAZP;1;050922;180800;250.1300000;250.2200000;250.0800000;250.2100000;22510
GAZP;1;050922;180900;250.2200000;250.2200000;250.0900000;250.1700000;19450
GAZP;1;050922;181000;250.1500000;250.1900000;250.1000000;250.1400000;9440
GAZP;1;050922;181100;250.1400000;250.1400000;250.1100000;250.1300000;6710
GAZP;1;050922;181200;250.1200000;250.1400000;250.0800000;250.1200000;21160
GAZP;1;050922;181300;250.1300000;250.1300000;250.0800000;250.1000000;11050
GAZP;1;050922;181400;250.1100000;250.1400000;250.1000000;250.1300000;7080
GAZP;1;050922;181500;250.1200000;250.1400000;250.1000000;250.1400000;13560
GAZP;1;050922;181600;250.1300000;250.2200000;250.1300000;250.2200000;38550
GAZP;1;050922;181700;250.2200000;250.2200000;250.1800000;250.2000000;25560
GAZP;1;050922;181800;250.2000000;250.2600000;250.1900000;250.2500000;31390
GAZP;1;050922;181900;250.2500000;250.2600000;250.2100000;250.2100000;14370
GAZP;1;050922;182000;250.2100000;250.2700000;250.2100000;250.2200000;21510
GAZP;1;050922;182100;250.2200000;250.3100000;250.2200000;250.2500000;21890
GAZP;1;050922;182200;250.2400000;250.4000000;250.2300000;250.3600000;96220
GAZP;1;050922;182300;250.3600000;250.3600000;250.3100000;250.3400000;17130
GAZP;1;050922;182400;250.3400000;250.4000000;250.3400000;250.3900000;28670
GAZP;1;050922;182500;250.4000000;250.4000000;250.3500000;250.3500000;41010
GAZP;1;050922;182600;250.3600000;250.3700000;250.3000000;250.3100000;9990
GAZP;1;050922;182700;250.3000000;250.3700000;250.2100000;250.3700000;65430
GAZP;1;050922;182800;250.3700000;250.3900000;250.2100000;250.2200000;98870
GAZP;1;050922;182900;250.2100000;250.2800000;250.2100000;250.2800000;15440
GAZP;1;050922;183000;250.2800000;250.3000000;250.2100000;250.2600000;12510
GAZP;1;050922;183100;250.3000000;250.3000000;250.2200000;250.3000000;27660
GAZP;1;050922;183200;250.2900000;250.3000000;250.2200000;250.2900000;16330
GAZP;1;050922;183300;250.2900000;250.3000000;250.2200000;250.2800000;29170
GAZP;1;050922;183400;250.2500000;250.3000000;250.2500000;250.2700000;12030
GAZP;1;050922;183500;250.2900000;250.3000000;250.2600000;250.3000000;16650
GAZP;1;050922;183600;250.3000000;250.3900000;250.2300000;250.3900000;47520
GAZP;1;050922;183700;250.3900000;250.4000000;250.2500000;250.3000000;48070
GAZP;1;050922;183800;250.3000000;250.3000000;250.2300000;250.2800000;24370
GAZP;1;050922;183900;250.2700000;250.3800000;250.2200000;250.2900000;38410
GAZP;1;050922;184000;250.2900000;250.2900000;250.2000000;250.2000000;115740
GAZP;1;050922;184600;250.0000000;250.0000000;250.0000000;250.0000000;534100
GAZP;1;050922;184700;250.0000000;250.0000000;250.0000000;250.0000000;24590
GAZP;1;050922;184800;250.0000000;250.0000000;250.0000000;250.0000000;5930
GAZP;1;050922;184900;250.0000000;250.0000000;250.0000000;250.0000000;2480
GAZP;1;050922;185000;250.0000000;250.0000000;250.0000000;250.0000000;18480
GAZP;1;060922;100100;249.9900000;249.9900000;247.6100000;249.1000000;1427090
GAZP;1;060922;100200;249.1000000;249.6600000;249.1000000;249.3600000;285550
GAZP;1;060922;100300;249.4500000;249.7500000;249.3000000;249.6000000;128270
GAZP;1;060922;100400;249.6800000;249.7800000;249.5000000;249.6800000;263570
GAZP;1;060922;100500;249.6900000;249.7500000;249.4300000;249.6800000;117300
GAZP;1;060922;100600;249.7000000;249.8800000;249.6700000;249.8000000;60020
GAZP;1;060922;100700;249.7900000;249.8000000;249.6700000;249.7400000;34850
GAZP;1;060922;100800;249.7400000;249.9900000;249.6200000;249.9800000;316600
GAZP;1;060922;100900;249.9900000;249.9900000;249.7400000;249.8800000;219420
GAZP;1;060922;101000;249.8700000;249.9900000;249.7300000;249.8700000;128600
GAZP;1;060922;101100;249.8000000;249.9900000;249.8000000;249.9900000;209440
GAZP;1;060922;101200;249.9800000;250.2000000;249.2000000;249.3000000;1454700
GAZP;1;060922;101300;249.4100000;250.0000000;249.2200000;249.6600000;319940
GAZP;1;060922;101400;249.6600000;249.7600000;249.2200000;249.6800000;183320
GAZP;1;060922;101500;249.7600000;249.9900000;249.6400000;249.9500000;95320
GAZP;1;060922;101600;249.9000000;250.0000000;249.7600000;249.9800000;76870
GAZP;1;060922;101700;249.9900000;250.0000000;249.6800000;249.7400000;105870
GAZP;1;060922;101800;249.7300000;249.7700000;249.4000000;249.4500000;169730
GAZP;1;060922;101900;249.5000000;249.6700000;249.5000000;249.5900000;53950
GAZP;1;060922;102000;249.5900000;249.6000000;249.5000000;249.5400000;34050
GAZP;1;060922;102100;249.5400000;249.7000000;249.5100000;249.6500000;41490
GAZP;1;060922;102200;249.6600000;249.7500000;249.6000000;249.6000000;43000
GAZP;1;060922;102300;249.6000000;249.6100000;249.5000000;249.5800000;26440
GAZP;1;060922;102400;249.6000000;249.6100000;249.4000000;249.5400000;70040
GAZP;1;060922;102500;249.5400000;249.5400000;249.3000000;249.3000000;67380
GAZP;1;060922;102600;249.3000000;249.4100000;249.2000000;249.3200000;122570
GAZP;1;060922;102700;249.3200000;249.4100000;249.3000000;249.3100000;37020
GAZP;1;060922;102800;249.3300000;249.3900000;249.3000000;249.3300000;51070
GAZP;1;060922;102900;249.3300000;249.3900000;249.2400000;249.3000000;36050
GAZP;1;060922;103000;249.3000000;249.3000000;249.1000000;249.1100000;147250
GAZP;1;060922;103100;249.1400000;249.3900000;249.1100000;249.3900000;70790
GAZP;1;060922;103200;249.3200000;249.4000000;249.3000000;249.3500000;29380
GAZP;1;060922;103300;249.3800000;249.4400000;249.3400000;249.4000000;51290
GAZP;1;060922;103400;249.3900000;249.3900000;249.2300000;249.2300000;19740
GAZP;1;060922;103500;249.2300000;249.2400000;249.0200000;249.0900000;183370
GAZP;1;060922;103600;249.1000000;249.2400000;249.0100000;249.2000000;116480
GAZP;1;060922;103700;249.2000000;249.3000000;249.1000000;249.2900000;72240
GAZP;1;060922;103800;249.3000000;249.3000000;249.1800000;249.2500000;32090
GAZP;1;060922;103900;249.2100000;249.2600000;249.2000000;249.2600000;26380
GAZP;1;060922;104000;249.2600000;249.3600000;249.1900000;249.3600000;34350
GAZP;1;060922;104100;249.3600000;249.4000000;249.2400000;249.3900000;45870
GAZP;1;060922;104200;249.3900000;249.4600000;249.3400000;249.4100000;27600
GAZP;1;060922;104300;249.3900000;249.4100000;249.2100000;249.2500000;27400
GAZP;1;060922;104400;249.3000000;249.3900000;249.2100000;249.3800000;20400
GAZP;1;060922;104500;249.3800000;249.4500000;249.2400000;249.4500000;17250
GAZP;1;060922;104600;249.4000000;249.4400000;249.3000000;249.3100000;7630
GAZP;1;060922;104700;249.3200000;249.4000000;249.3000000;249.3500000;30140
GAZP;1;060922;104800;249.3500000;249.4100000;249.3500000;249.3500000;8560
GAZP;1;060922;104900;249.4000000;249.4900000;249.3800000;249.4700000;31490
GAZP;1;060922;105000;249.4700000;249.5500000;249.4000000;249.5500000;54650
GAZP;1;060922;105100;249.5500000;249.6400000;249.5000000;249.6000000;61220
GAZP;1;060922;105200;249.6000000;249.6400000;249.4800000;249.5500000;27120
GAZP;1;060922;105300;249.5400000;249.6000000;249.4000000;249.4000000;21980
GAZP;1;060922;105400;249.4200000;249.4600000;249.3800000;249.3800000;58360
GAZP;1;060922;105500;249.3800000;249.6000000;249.3800000;249.6000000;70580
GAZP;1;060922;105600;249.5900000;249.6600000;249.5300000;249.6500000;41830
GAZP;1;060922;105700;249.6500000;249.6600000;249.5600000;249.6200000;22630
GAZP;1;060922;105800;249.6200000;249.6200000;249.5000000;249.5200000;11280
GAZP;1;060922;105900;249.5100000;249.6000000;249.4800000;249.4800000;21150
GAZP;1;060922;110000;249.5300000;249.5300000;249.3000000;249.3500000;107100
GAZP;1;060922;110100;249.3500000;249.3800000;249.3000000;249.3800000;36850
GAZP;1;060922;110200;249.3500000;249.3800000;249.3000000;249.3500000;15090
GAZP;1;060922;110300;249.3400000;249.3800000;249.3000000;249.3800000;34890
GAZP;1;060922;110400;249.3800000;249.3800000;249.3000000;249.3400000;19680
GAZP;1;060922;110500;249.3300000;249.3600000;249.2100000;249.2500000;50890
GAZP;1;060922;110600;249.2300000;249.3800000;249.1900000;249.3800000;75000
GAZP;1;060922;110700;249.3800000;249.3800000;249.2400000;249.3000000;12820
GAZP;1;060922;110800;249.3000000;249.3800000;249.2800000;249.3800000;13990
GAZP;1;060922;110900;249.3800000;249.3800000;249.2800000;249.3000000;11700
GAZP;1;060922;111000;249.3200000;249.3800000;249.3000000;249.3800000;21730
GAZP;1;060922;111100;249.3800000;249.3800000;249.3200000;249.3500000;40260
GAZP;1;060922;111200;249.3500000;249.5000000;249.3500000;249.4400000;16110
GAZP;1;060922;111300;249.4400000;249.8000000;249.4300000;249.5500000;124030
GAZP;1;060922;111400;249.6000000;249.8000000;249.5100000;249.6700000;70840
GAZP;1;060922;111500;249.6500000;249.7000000;249.5500000;249.5500000;17350
GAZP;1;060922;111600;249.6000000;249.6300000;249.4000000;249.4000000;39630
GAZP;1;060922;111700;249.4000000;249.4300000;249.2500000;249.3900000;30420
GAZP;1;060922;111800;249.3300000;249.5700000;249.2700000;249.5700000;40860
GAZP;1;060922;111900;249.5500000;249.6500000;249.4900000;249.5300000;25620
GAZP;1;060922;112000;249.5300000;249.5300000;249.3100000;249.3800000;21460
GAZP;1;060922;112100;249.3900000;249.5000000;249.2500000;249.5000000;21300
GAZP;1;060922;112200;249.4400000;249.5900000;249.4300000;249.5900000;10950
GAZP;1;060922;112300;249.6000000;249.6400000;249.4300000;249.5000000;22080
GAZP;1;060922;112400;249.5100000;249.5900000;249.4100000;249.5400000;18310
GAZP;1;060922;112500;249.5300000;249.5500000;249.3700000;249.4400000;6520
GAZP;1;060922;112600;249.3700000;249.5000000;249.3700000;249.4500000;18670
GAZP;1;060922;112700;249.4300000;249.5400000;249.4000000;249.5400000;18530
GAZP;1;060922;112800;249.5500000;249.5900000;249.5000000;249.5900000;6200
GAZP;1;060922;112900;249.5900000;249.6000000;249.4600000;249.4900000;11150
GAZP;1;060922;113000;249.4900000;249.5900000;249.4900000;249.5700000;15210
GAZP;1;060922;113100;249.5000000;249.6000000;249.4600000;249.4600000;14320
GAZP;1;060922;113200;249.5000000;249.5300000;249.4200000;249.5000000;7100
GAZP;1;060922;113300;249.5000000;249.6000000;249.4600000;249.6000000;14700
GAZP;1;060922;113400;249.6000000;249.7900000;249.6000000;249.6400000;60230
GAZP;1;060922;113500;249.6400000;249.7500000;249.6400000;249.7500000;16220
GAZP;1;060922;113600;249.7100000;249.7400000;249.6500000;249.7000000;7690
GAZP;1;060922;113700;249.7000000;249.7500000;249.6000000;249.7400000;32140
GAZP;1;060922;113800;249.7400000;249.7400000;249.5900000;249.7000000;24980
GAZP;1;060922;113900;249.7000000;249.7300000;249.5800000;249.7000000;54150
GAZP;1;060922;114000;249.7000000;249.7000000;249.5000000;249.5900000;13150
GAZP;1;060922;114100;249.5500000;249.6400000;249.3600000;249.4000000;48720
GAZP;1;060922;114200;249.5000000;249.5000000;249.3600000;249.4900000;17530
GAZP;1;060922;114300;249.4200000;249.5000000;249.4000000;249.4300000;8340
GAZP;1;060922;114400;249.5000000;249.6400000;249.4400000;249.6400000;15470
GAZP;1;060922;114500;249.6400000;249.6900000;249.6100000;249.6700000;9210
GAZP;1;060922;114600;249.6700000;249.7500000;249.6100000;249.6900000;27120
GAZP;1;060922;114700;249.6300000;249.7400000;249.6300000;249.6700000;18930
GAZP;1;060922;114800;249.6900000;249.7400000;249.6400000;249.7300000;13770
GAZP;1;060922;114900;249.7400000;249.7400000;249.6900000;249.7400000;10980
GAZP;1;060922;115000;249.7000000;249.7900000;249.6900000;249.7200000;34660
GAZP;1;060922;115100;249.7200000;249.8000000;249.7100000;249.8000000;39440
GAZP;1;060922;115200;249.8000000;249.9500000;249.7900000;249.9200000;98970
GAZP;1;060922;115300;249.9200000;249.9400000;249.8500000;249.8700000;25400
GAZP;1;060922;115400;249.8800000;249.9400000;249.8200000;249.8500000;26320
GAZP;1;060922;115500;249.8300000;249.9000000;249.7100000;249.8800000;33560
GAZP;1;060922;115600;249.8800000;249.8800000;249.8300000;249.8600000;17400
GAZP;1;060922;115700;249.8700000;249.9000000;249.8300000;249.9000000;18060
GAZP;1;060922;115800;249.8700000;249.9000000;249.7800000;249.8400000;34170
GAZP;1;060922;115900;249.7900000;249.8800000;249.7800000;249.8300000;10860
GAZP;1;060922;120000;249.8300000;249.8700000;249.7000000;249.8100000;17310
GAZP;1;060922;120100;249.8200000;249.9000000;249.7500000;249.8900000;24100
GAZP;1;060922;120200;249.8300000;249.8900000;249.6700000;249.7000000;22520
GAZP;1;060922;120300;249.7100000;249.7400000;249.6000000;249.6200000;23480
GAZP;1;060922;120400;249.6400000;249.8300000;249.6100000;249.8300000;16810
GAZP;1;060922;120500;249.8300000;249.8400000;249.5500000;249.7100000;39710
GAZP;1;060922;120600;249.7600000;249.7700000;249.6500000;249.6900000;12640
GAZP;1;060922;120700;249.6900000;249.7700000;249.6300000;249.6400000;6210
GAZP;1;060922;120800;249.6400000;249.7000000;249.6000000;249.6000000;22670
GAZP;1;060922;120900;249.6400000;249.7000000;249.6000000;249.7000000;4610
GAZP;1;060922;121000;249.7000000;249.7500000;249.6400000;249.7000000;13330
GAZP;1;060922;121100;249.7000000;249.7500000;249.6200000;249.7500000;16580
GAZP;1;060922;121200;249.7000000;249.8000000;249.6800000;249.7000000;7420
GAZP;1;060922;121300;249.7000000;249.7000000;249.6200000;249.6200000;10610
GAZP;1;060922;121400;249.6600000;249.6900000;249.6200000;249.6500000;10980
GAZP;1;060922;121500;249.6800000;249.7000000;249.6500000;249.6900000;18180
GAZP;1;060922;121600;249.7000000;249.9600000;249.6800000;249.9100000;75040
GAZP;1;060922;121700;249.9500000;249.9600000;249.8500000;249.9200000;19990
GAZP;1;060922;121800;249.8700000;249.9900000;249.7100000;249.7600000;91030
GAZP;1;060922;121900;249.7600000;249.8500000;249.7100000;249.8500000;38790
GAZP;1;060922;122000;249.8500000;250.0000000;249.7800000;249.9900000;62670
GAZP;1;060922;122100;249.9500000;250.0000000;249.8200000;249.9500000;21420
GAZP;1;060922;122200;249.9500000;249.9500000;249.8700000;249.9300000;23350
GAZP;1;060922;122300;249.9300000;249.9400000;249.8700000;249.9000000;7450
GAZP;1;060922;122400;249.8800000;249.9300000;249.8000000;249.9200000;20230
GAZP;1;060922;122500;249.9200000;249.9400000;249.8500000;249.9300000;7350
GAZP;1;060922;122600;249.9300000;249.9300000;249.7800000;249.9300000;9420
GAZP;1;060922;122700;249.9100000;249.9900000;249.8500000;249.9600000;47620
GAZP;1;060922;122800;249.9900000;250.0000000;249.8000000;249.9600000;508580
GAZP;1;060922;122900;249.9600000;249.9800000;249.7100000;249.7300000;35930
GAZP;1;060922;123000;249.7700000;249.8500000;249.6200000;249.8500000;60120
GAZP;1;060922;123100;249.8400000;249.8500000;249.7900000;249.8500000;18310
GAZP;1;060922;123200;249.8500000;249.8500000;249.7800000;249.8000000;19750
GAZP;1;060922;123300;249.8000000;249.8000000;249.6500000;249.6500000;34860
GAZP;1;060922;123400;249.6800000;249.7000000;249.6100000;249.6400000;9060
GAZP;1;060922;123500;249.6400000;249.7900000;249.6400000;249.7900000;16500
GAZP;1;060922;123600;249.7500000;249.8000000;249.6000000;249.6600000;30440
GAZP;1;060922;123700;249.6800000;249.6900000;249.6000000;249.6800000;9740
GAZP;1;060922;123800;249.6300000;249.6700000;249.5500000;249.5900000;11400
GAZP;1;060922;123900;249.5700000;249.6500000;249.5700000;249.5900000;22170
GAZP;1;060922;124000;249.6400000;249.6400000;249.3600000;249.4000000;102130
GAZP;1;060922;124100;249.4000000;249.4100000;249.2000000;249.2400000;106460
GAZP;1;060922;124200;249.2900000;249.4400000;249.2400000;249.3600000;18110
GAZP;1;060922;124300;249.4300000;249.5700000;249.4300000;249.5100000;37580
GAZP;1;060922;124400;249.5100000;249.5700000;249.4200000;249.5400000;20460
GAZP;1;060922;124500;249.5400000;249.5700000;249.5000000;249.5000000;8950
GAZP;1;060922;124600;249.5500000;249.5500000;249.5000000;249.5200000;3600
GAZP;1;060922;124700;249.5400000;249.5700000;249.5000000;249.5300000;7450
GAZP;1;060922;124800;249.5400000;249.5600000;249.4500000;249.4600000;8170
GAZP;1;060922;124900;249.4800000;249.5000000;249.4000000;249.4000000;9840
GAZP;1;060922;125000;249.4800000;249.5000000;249.4000000;249.4300000;9340
GAZP;1;060922;125100;249.4300000;249.4600000;249.3000000;249.4000000;36790
GAZP;1;060922;125200;249.4000000;249.4000000;249.3000000;249.3500000;9700
GAZP;1;060922;125300;249.3500000;249.4000000;249.3000000;249.4000000;10600
GAZP;1;060922;125400;249.4000000;249.5300000;249.3500000;249.5300000;32810
GAZP;1;060922;125500;249.5300000;249.5500000;249.4600000;249.5500000;14050
GAZP;1;060922;125600;249.5500000;249.5500000;249.3000000;249.3000000;33010
GAZP;1;060922;125700;249.4800000;249.5000000;249.2600000;249.3000000;27270
GAZP;1;060922;125800;249.3500000;249.5200000;249.2000000;249.3900000;80400
GAZP;1;060922;125900;249.3900000;249.4400000;249.3100000;249.4400000;13030
GAZP;1;060922;130000;249.4900000;249.5500000;249.2000000;249.4600000;80330
GAZP;1;060922;130100;249.4200000;249.5400000;249.3300000;249.4800000;33140
GAZP;1;060922;130200;249.4300000;249.4700000;249.1800000;249.3700000;79660
GAZP;1;060922;130300;249.3700000;249.3700000;249.3100000;249.3600000;3200
GAZP;1;060922;130400;249.3500000;249.3700000;249.3100000;249.3700000;3460
GAZP;1;060922;130500;249.3700000;249.3700000;249.2500000;249.3000000;12140
GAZP;1;060922;130600;249.3000000;249.3000000;249.2000000;249.2600000;40140
GAZP;1;060922;130700;249.2600000;249.2600000;249.1500000;249.1600000;39150
GAZP;1;060922;130800;249.1500000;249.1700000;249.0900000;249.0900000;69710
GAZP;1;060922;130900;249.1000000;249.2000000;249.0600000;249.2000000;27420
GAZP;1;060922;131000;249.2000000;249.2600000;249.1500000;249.2000000;46710
GAZP;1;060922;131100;249.2300000;249.2600000;249.1900000;249.2000000;16220
GAZP;1;060922;131200;249.2000000;249.2000000;249.1300000;249.1900000;12570
GAZP;1;060922;131300;249.1500000;249.2000000;249.1500000;249.1900000;5300
GAZP;1;060922;131400;249.1900000;249.2000000;249.1500000;249.1900000;16850
GAZP;1;060922;131500;249.1900000;249.2000000;249.1700000;249.1700000;4080
GAZP;1;060922;131600;249.2000000;249.2600000;249.1700000;249.2600000;13160
GAZP;1;060922;131700;249.2500000;249.2600000;249.1700000;249.1700000;16310
GAZP;1;060922;131800;249.1900000;249.1900000;249.1500000;249.1700000;10330
GAZP;1;060922;131900;249.1600000;249.1900000;249.1500000;249.1900000;7860
GAZP;1;060922;132000;249.1900000;249.2000000;249.1600000;249.1800000;7930
GAZP;1;060922;132100;249.2000000;249.2000000;249.1700000;249.2000000;18100
GAZP;1;060922;132200;249.1800000;249.2000000;249.1700000;249.2000000;15370
GAZP;1;060922;132300;249.1800000;249.2000000;249.1600000;249.2000000;15090
GAZP;1;060922;132400;249.2000000;249.2000000;249.1500000;249.1500000;8470
GAZP;1;060922;132500;249.1400000;249.1500000;249.1100000;249.1200000;19800
GAZP;1;060922;132600;249.1500000;249.1500000;249.0900000;249.1000000;32270
GAZP;1;060922;132700;249.0900000;249.1500000;249.0500000;249.0800000;37940
GAZP;1;060922;132800;249.1000000;249.1500000;248.8000000;248.8900000;664710
GAZP;1;060922;132900;248.8000000;248.9800000;248.8000000;248.8800000;180760
GAZP;1;060922;133000;248.8800000;248.8900000;248.8000000;248.8500000;14680
GAZP;1;060922;133100;248.8500000;248.9200000;248.8100000;248.8100000;32260
GAZP;1;060922;133200;248.8200000;248.8500000;248.8000000;248.8500000;79950
GAZP;1;060922;133300;248.8100000;248.8600000;248.8000000;248.8000000;36400
GAZP;1;060922;133400;248.8100000;249.0100000;248.8000000;249.0100000;39770
GAZP;1;060922;133500;249.0100000;249.1700000;249.0000000;249.1300000;20010
GAZP;1;060922;133600;249.1400000;249.3500000;249.1000000;249.3000000;65250
GAZP;1;060922;133700;249.2900000;249.6300000;249.2900000;249.5000000;107790
GAZP;1;060922;133800;249.4800000;249.6000000;249.3900000;249.6000000;28270
GAZP;1;060922;133900;249.6100000;249.6100000;249.4500000;249.5000000;22630
GAZP;1;060922;134000;249.5400000;249.5400000;249.4100000;249.4700000;9030
GAZP;1;060922;134100;249.4600000;249.5600000;249.4100000;249.4300000;24350
GAZP;1;060922;134200;249.4100000;249.4200000;249.3100000;249.3900000;8840
GAZP;1;060922;134300;249.3400000;249.3800000;249.3100000;249.3300000;22220
GAZP;1;060922;134400;249.3300000;249.4400000;249.3100000;249.3700000;22180
GAZP;1;060922;134500;249.3500000;249.5000000;249.3100000;249.5000000;14450
GAZP;1;060922;134600;249.5000000;249.5500000;249.4700000;249.5100000;23770
GAZP;1;060922;134700;249.5100000;249.5100000;249.4700000;249.5000000;2030
GAZP;1;060922;134800;249.5000000;249.5100000;249.4700000;249.5000000;22250
GAZP;1;060922;134900;249.5000000;249.5200000;249.4700000;249.5000000;8830
GAZP;1;060922;135000;249.5000000;249.5000000;249.4700000;249.5000000;6230
GAZP;1;060922;135100;249.5000000;249.7500000;249.3700000;249.7100000;239470
GAZP;1;060922;135200;249.6600000;249.6600000;249.3100000;249.3100000;32210
GAZP;1;060922;135300;249.3100000;249.4500000;249.3100000;249.3700000;7480
GAZP;1;060922;135400;249.4500000;249.4500000;249.3400000;249.3500000;5210
GAZP;1;060922;135500;249.3500000;249.4500000;249.3400000;249.4400000;5380
GAZP;1;060922;135600;249.4300000;249.4400000;249.3600000;249.3900000;12290
GAZP;1;060922;135700;249.3600000;249.4300000;249.3300000;249.4300000;13440
GAZP;1;060922;135800;249.4300000;249.6000000;249.3800000;249.4300000;51000
GAZP;1;060922;135900;249.4300000;249.4300000;249.3100000;249.3500000;17210
GAZP;1;060922;140000;249.3400000;249.3800000;249.3100000;249.3300000;8040
GAZP;1;060922;140100;249.3600000;249.3800000;248.9000000;249.0100000;92230
GAZP;1;060922;140200;249.0000000;249.1000000;248.9500000;249.0400000;10950
GAZP;1;060922;140300;249.0400000;249.1800000;249.0100000;249.1800000;16320
GAZP;1;060922;140400;249.1800000;249.2200000;249.0900000;249.1000000;5450
GAZP;1;060922;140500;249.0900000;249.1000000;249.0200000;249.0800000;13980
GAZP;1;060922;140600;249.1000000;249.2600000;249.0900000;249.1900000;29510
GAZP;1;060922;140700;249.2000000;249.2000000;249.1400000;249.1800000;10420
GAZP;1;060922;140800;249.2000000;249.2000000;249.1300000;249.1500000;5730
GAZP;1;060922;140900;249.1500000;249.1600000;249.0100000;249.0900000;28010
GAZP;1;060922;141000;249.0900000;249.0900000;248.9000000;248.9500000;80710
GAZP;1;060922;141100;248.9500000;249.1200000;248.9500000;249.0800000;24690
GAZP;1;060922;141200;249.0800000;249.0800000;248.9000000;248.9000000;32780
GAZP;1;060922;141300;248.9500000;248.9700000;248.8500000;248.9000000;29600
GAZP;1;060922;141400;248.9000000;249.0000000;248.8200000;249.0000000;45360
GAZP;1;060922;141500;249.0000000;249.0000000;248.9500000;249.0000000;6610
GAZP;1;060922;141600;249.0000000;249.0000000;248.6500000;248.7400000;161580
GAZP;1;060922;141700;248.6800000;248.8400000;248.5000000;248.5900000;231330
GAZP;1;060922;141800;248.6300000;248.6300000;248.4500000;248.5100000;137450
GAZP;1;060922;141900;248.5100000;248.7400000;248.5000000;248.7300000;36410
GAZP;1;060922;142000;248.6900000;248.7400000;248.6800000;248.7200000;14900
GAZP;1;060922;142100;248.7200000;248.8000000;248.6800000;248.7600000;17250
GAZP;1;060922;142200;248.7600000;248.7600000;248.6100000;248.6100000;31170
GAZP;1;060922;142300;248.6300000;248.7100000;248.5000000;248.5000000;63680
GAZP;1;060922;142400;248.5100000;248.5700000;248.5000000;248.5000000;148470
GAZP;1;060922;142500;248.5500000;248.6900000;248.4000000;248.4900000;576070
GAZP;1;060922;142600;248.5000000;248.5000000;248.2500000;248.3800000;116850
GAZP;1;060922;142700;248.3600000;248.3800000;248.0200000;248.0200000;241020
GAZP;1;060922;142800;248.0400000;248.3900000;248.0000000;248.0600000;404100
GAZP;1;060922;142900;248.0100000;248.1400000;248.0000000;248.0400000;198800
GAZP;1;060922;143000;248.0400000;248.2000000;248.0000000;248.0500000;108190
GAZP;1;060922;143100;248.0600000;248.0800000;247.8000000;247.8300000;337870
GAZP;1;060922;143200;247.8300000;247.8400000;247.6000000;247.6400000;386320
GAZP;1;060922;143300;247.6000000;247.7000000;247.4000000;247.4000000;440200
GAZP;1;060922;143400;247.4000000;247.4500000;247.0000000;247.0000000;840110
GAZP;1;060922;143500;247.0500000;247.1000000;246.7100000;246.7800000;220050
GAZP;1;060922;143600;246.7600000;247.1700000;246.6000000;247.1000000;370560
GAZP;1;060922;143700;247.0900000;248.8000000;247.0900000;248.5000000;567990
GAZP;1;060922;143800;248.5100000;248.6700000;248.0000000;248.0400000;115760
GAZP;1;060922;143900;248.0200000;248.0400000;247.4000000;247.6300000;133610
GAZP;1;060922;144000;247.7000000;247.8000000;247.5000000;247.7200000;72780
GAZP;1;060922;144100;247.7400000;247.9200000;247.6000000;247.6200000;54850
GAZP;1;060922;144200;247.6800000;247.8000000;247.5500000;247.8000000;41040
GAZP;1;060922;144300;247.8000000;248.5000000;247.7000000;248.4200000;268810
GAZP;1;060922;144400;248.4300000;248.5000000;248.1200000;248.3000000;87210
GAZP;1;060922;144500;248.3000000;248.3000000;248.1500000;248.2400000;60430
GAZP;1;060922;144600;248.2400000;248.4000000;248.1100000;248.1200000;185460
GAZP;1;060922;144700;248.1800000;248.1800000;247.9500000;247.9900000;114580
GAZP;1;060922;144800;247.9700000;247.9900000;247.7000000;247.8800000;68280
GAZP;1;060922;144900;247.8800000;247.9300000;247.6400000;247.6400000;39140
GAZP;1;060922;145000;247.6400000;247.7300000;247.5000000;247.7000000;56530
GAZP;1;060922;145100;247.7000000;247.7700000;247.5700000;247.7200000;104430
GAZP;1;060922;145200;247.7300000;247.9400000;247.6400000;247.8300000;42510
GAZP;1;060922;145300;247.9300000;248.0000000;247.6000000;247.7100000;113950
GAZP;1;060922;145400;247.7300000;247.8600000;247.6000000;247.6500000;189110
GAZP;1;060922;145500;247.6600000;247.7900000;247.0300000;247.0400000;194580
GAZP;1;060922;145600;247.0500000;247.1600000;246.7500000;246.8000000;227860
GAZP;1;060922;145700;246.8000000;246.8100000;245.7700000;245.9900000;855540
GAZP;1;060922;145800;245.9900000;246.1600000;245.0800000;245.1400000;749020
GAZP;1;060922;145900;245.1500000;245.9000000;245.1400000;245.7800000;328970
GAZP;1;060922;150000;245.8300000;246.1200000;245.6300000;245.7000000;167170
GAZP;1;060922;150100;245.7100000;245.7200000;245.0000000;245.5000000;921400
GAZP;1;060922;150200;245.5000000;245.9700000;244.8300000;245.1000000;650980
GAZP;1;060922;150300;245.1100000;245.2900000;244.3500000;244.3500000;456470
GAZP;1;060922;150400;244.4100000;244.4900000;242.1500000;242.5000000;1042800
GAZP;1;060922;150500;242.5100000;243.2100000;242.2700000;243.0400000;826210
GAZP;1;060922;150600;243.0400000;244.1200000;243.0300000;244.1200000;471910
GAZP;1;060922;150700;244.1200000;244.2300000;243.1900000;243.3500000;440530
GAZP;1;060922;150800;243.4300000;243.5900000;242.8900000;242.9100000;218760
GAZP;1;060922;150900;242.9500000;242.9500000;242.2200000;242.4900000;344750
GAZP;1;060922;151000;242.4400000;242.4600000;241.0000000;241.4600000;1157690
GAZP;1;060922;151100;241.5100000;242.9000000;241.0900000;242.4900000;802810
GAZP;1;060922;151200;242.5000000;242.8900000;241.5800000;242.6200000;382740
GAZP;1;060922;151300;242.6200000;243.8800000;242.5500000;243.8200000;317890
GAZP;1;060922;151400;243.8400000;244.0000000;243.3400000;244.0000000;216960
GAZP;1;060922;151500;243.9600000;244.4500000;243.8000000;244.3700000;209550
GAZP;1;060922;151600;244.3800000;244.6000000;243.7200000;243.8000000;332610
GAZP;1;060922;151700;243.8000000;243.8800000;243.1500000;243.3200000;236920
GAZP;1;060922;151800;243.3200000;244.7800000;243.1000000;244.6300000;229280
GAZP;1;060922;151900;244.7700000;244.8500000;244.0800000;244.1500000;179740
GAZP;1;060922;152000;244.1500000;244.8000000;244.1000000;244.7000000;130290
GAZP;1;060922;152100;244.6700000;245.6000000;244.6700000;245.2400000;365750
GAZP;1;060922;152200;245.1700000;245.8000000;245.0700000;245.8000000;262050
GAZP;1;060922;152300;245.7800000;246.4800000;245.0000000;245.3700000;616400
GAZP;1;060922;152400;245.3700000;245.7200000;244.9000000;245.0100000;177720
GAZP;1;060922;152500;245.0000000;245.2100000;244.2500000;244.3900000;216750
GAZP;1;060922;152600;244.4900000;244.5500000;244.1000000;244.2800000;207500
GAZP;1;060922;152700;244.2800000;245.4700000;244.2800000;245.4700000;167510
GAZP;1;060922;152800;245.3700000;245.6400000;245.3000000;245.6200000;88670
GAZP;1;060922;152900;245.6400000;245.6500000;245.0100000;245.2500000;95830
GAZP;1;060922;153000;245.2500000;245.4200000;245.1200000;245.4100000;53360
GAZP;1;060922;153100;245.4100000;245.5500000;244.5000000;244.5000000;153060
GAZP;1;060922;153200;244.5000000;244.8600000;244.3300000;244.3300000;85170
GAZP;1;060922;153300;244.3500000;244.5000000;244.2100000;244.2900000;113530
GAZP;1;060922;153400;244.3200000;245.1500000;244.2100000;244.7900000;133590
GAZP;1;060922;153500;244.8000000;244.9200000;244.3400000;244.5000000;66590
GAZP;1;060922;153600;244.5000000;244.8800000;244.3300000;244.8100000;58820
GAZP;1;060922;153700;244.7800000;244.8100000;244.5000000;244.5700000;31600
GAZP;1;060922;153800;244.5900000;244.8000000;244.5000000;244.5300000;39580
GAZP;1;060922;153900;244.5300000;244.6800000;244.5100000;244.6800000;51750
GAZP;1;060922;154000;244.6900000;246.0000000;244.6600000;245.9700000;191350
GAZP;1;060922;154100;245.9700000;246.2000000;245.8800000;246.0900000;114370
GAZP;1;060922;154200;246.0900000;246.2000000;245.6100000;245.7700000;84450
GAZP;1;060922;154300;245.7600000;246.2000000;245.5200000;246.0300000;176110
GAZP;1;060922;154400;246.0300000;246.4800000;245.7800000;246.4300000;158540
GAZP;1;060922;154500;246.3800000;246.4500000;245.7200000;245.8300000;200870
GAZP;1;060922;154600;245.7700000;246.0000000;245.6700000;246.0000000;62330
GAZP;1;060922;154700;246.0000000;246.1200000;245.7200000;245.8300000;119300
GAZP;1;060922;154800;245.8400000;245.8500000;245.6100000;245.7000000;83500
GAZP;1;060922;154900;245.7100000;245.7400000;245.4700000;245.6700000;102810
GAZP;1;060922;155000;245.6400000;245.6700000;245.5000000;245.5500000;68800
GAZP;1;060922;155100;245.5400000;245.5900000;245.4000000;245.4400000;124600
GAZP;1;060922;155200;245.4400000;245.5000000;245.3900000;245.4200000;73870
GAZP;1;060922;155300;245.4100000;245.4300000;245.1800000;245.3500000;74270
GAZP;1;060922;155400;245.3500000;245.3500000;245.0000000;245.1000000;57060
GAZP;1;060922;155500;245.1000000;245.2400000;245.0400000;245.1500000;49470
GAZP;1;060922;155600;245.1500000;245.3500000;245.0900000;245.3000000;78370
GAZP;1;060922;155700;245.3000000;245.3500000;245.2200000;245.3100000;36430
GAZP;1;060922;155800;245.3300000;245.3300000;245.2300000;245.2300000;15690
GAZP;1;060922;155900;245.3200000;245.3200000;245.0000000;245.0100000;79810
GAZP;1;060922;160000;245.0100000;245.0900000;244.6000000;244.6000000;140250
GAZP;1;060922;160100;244.6200000;244.9000000;244.6000000;244.8900000;92900
GAZP;1;060922;160200;244.8900000;245.0500000;244.7900000;244.9200000;101880
GAZP;1;060922;160300;244.9800000;245.2000000;244.9100000;245.1100000;61800
GAZP;1;060922;160400;245.1700000;245.6000000;245.1300000;245.5800000;137650
GAZP;1;060922;160500;245.5800000;245.6500000;245.5000000;245.5600000;24660
GAZP;1;060922;160600;245.5400000;245.5500000;245.1700000;245.1700000;53990
GAZP;1;060922;160700;245.1900000;245.2300000;245.0700000;245.1900000;72350
GAZP;1;060922;160800;245.2000000;245.2400000;245.0200000;245.2400000;28800
GAZP;1;060922;160900;245.2400000;245.2400000;244.8000000;244.8400000;71030
GAZP;1;060922;161000;244.8200000;244.8400000;244.6000000;244.6000000;207940
GAZP;1;060922;161100;244.6000000;244.9000000;244.6000000;244.8600000;218230
GAZP;1;060922;161200;244.9000000;245.2400000;244.7800000;244.8300000;52650
GAZP;1;060922;161300;244.8500000;244.8700000;244.6800000;244.7900000;18480
GAZP;1;060922;161400;244.7600000;244.8000000;244.6000000;244.6400000;88990
GAZP;1;060922;161500;244.6300000;244.6800000;244.6000000;244.6300000;38460
GAZP;1;060922;161600;244.6400000;244.9900000;244.6200000;244.8900000;48680
GAZP;1;060922;161700;244.8600000;244.9000000;244.6500000;244.6600000;48750
GAZP;1;060922;161800;244.6700000;244.6700000;244.0700000;244.1400000;186490
GAZP;1;060922;161900;244.1500000;244.1900000;243.1200000;243.6200000;577040
GAZP;1;060922;162000;243.5500000;243.7000000;243.4000000;243.5800000;103880
GAZP;1;060922;162100;243.5700000;243.6100000;243.3000000;243.4100000;171140
GAZP;1;060922;162200;243.3600000;243.5500000;243.2500000;243.4500000;91090
GAZP;1;060922;162300;243.4500000;243.8700000;243.2700000;243.8200000;109700
GAZP;1;060922;162400;243.7500000;244.3200000;243.6700000;244.3200000;150250
GAZP;1;060922;162500;244.2500000;244.2900000;243.8200000;243.9000000;63720
GAZP;1;060922;162600;243.9100000;244.1200000;243.7600000;244.0300000;47520
GAZP;1;060922;162700;244.0600000;245.3300000;244.0000000;244.8400000;216790
GAZP;1;060922;162800;244.8400000;244.8800000;244.5000000;244.8400000;85510
GAZP;1;060922;162900;244.8500000;245.2300000;244.6300000;245.0900000;150330
GAZP;1;060922;163000;245.1000000;245.3000000;244.6800000;245.2300000;118100
GAZP;1;060922;163100;245.1100000;245.1400000;244.7500000;244.7500000;41480
GAZP;1;060922;163200;244.8700000;245.0600000;244.7900000;244.8500000;34200
GAZP;1;060922;163300;244.8500000;244.9800000;244.8000000;244.9000000;22580
GAZP;1;060922;163400;244.8100000;244.9700000;244.7400000;244.9300000;39020
GAZP;1;060922;163500;244.9400000;245.1200000;244.7000000;244.7900000;85220
GAZP;1;060922;163600;244.8500000;245.0500000;244.8500000;245.0000000;35860
GAZP;1;060922;163700;245.0000000;245.0000000;244.7000000;244.7300000;27220
GAZP;1;060922;163800;244.7300000;244.8000000;244.7000000;244.7000000;21700
GAZP;1;060922;163900;244.7100000;244.8400000;244.5300000;244.5300000;47450
GAZP;1;060922;164000;244.5900000;244.7700000;244.2600000;244.3500000;47810
GAZP;1;060922;164100;244.2600000;244.7000000;244.1300000;244.4100000;76690
GAZP;1;060922;164200;244.4000000;244.7700000;244.4000000;244.7200000;71890
GAZP;1;060922;164300;244.7100000;244.7500000;244.6600000;244.7400000;18120
GAZP;1;060922;164400;244.7400000;244.8700000;244.6400000;244.8000000;25830
GAZP;1;060922;164500;244.8000000;245.0100000;244.6700000;244.9500000;59100
GAZP;1;060922;164600;244.9500000;245.4100000;244.9300000;245.2600000;91930
GAZP;1;060922;164700;245.2600000;245.5000000;245.2000000;245.2900000;42160
GAZP;1;060922;164800;245.2900000;245.3400000;245.2000000;245.2400000;24760
GAZP;1;060922;164900;245.2400000;245.2900000;245.1200000;245.1800000;12470
GAZP;1;060922;165000;245.1900000;245.3100000;245.1800000;245.2900000;26760
GAZP;1;060922;165100;245.3100000;245.5500000;245.2100000;245.5500000;102400
GAZP;1;060922;165200;245.5400000;245.8000000;245.0000000;245.3600000;216490
GAZP;1;060922;165300;245.3600000;245.8000000;245.2800000;245.7400000;141710
GAZP;1;060922;165400;245.6900000;246.1700000;245.4600000;245.7100000;484520
GAZP;1;060922;165500;245.7100000;245.8500000;245.3600000;245.4400000;148430
GAZP;1;060922;165600;245.4400000;245.7300000;245.3500000;245.6000000;157600
GAZP;1;060922;165700;245.6400000;245.7100000;245.6100000;245.6900000;116200
GAZP;1;060922;165800;245.6900000;246.4300000;245.6700000;246.4300000;552850
GAZP;1;060922;165900;246.4300000;246.8300000;246.2800000;246.5100000;378530
GAZP;1;060922;170000;246.5400000;246.6500000;246.5400000;246.6000000;87920
GAZP;1;060922;170100;246.6000000;246.8300000;246.5500000;246.7900000;72400
GAZP;1;060922;170200;246.7400000;246.9000000;246.5500000;246.6800000;234230
GAZP;1;060922;170300;246.6800000;246.7900000;246.6600000;246.7000000;108300
GAZP;1;060922;170400;246.7100000;247.1100000;246.7000000;247.1100000;267100
GAZP;1;060922;170500;247.0500000;247.8000000;246.8800000;247.6900000;575350
GAZP;1;060922;170600;247.6900000;247.8300000;247.0300000;247.5200000;386410
GAZP;1;060922;170700;247.4500000;247.5200000;247.0600000;247.0600000;74070
GAZP;1;060922;170800;247.0700000;247.3600000;247.0500000;247.2000000;72950
GAZP;1;060922;170900;247.2100000;247.3900000;247.2000000;247.2800000;50810
GAZP;1;060922;171000;247.3000000;247.5200000;247.2800000;247.4700000;72430
GAZP;1;060922;171100;247.4400000;247.5100000;247.4000000;247.5000000;31700
GAZP;1;060922;171200;247.4000000;247.5100000;247.4000000;247.4000000;38920
GAZP;1;060922;171300;247.4200000;247.6700000;247.4000000;247.6700000;41330
GAZP;1;060922;171400;247.6700000;247.7400000;247.4900000;247.5400000;60560
GAZP;1;060922;171500;247.5100000;247.5100000;247.4300000;247.5000000;68990
GAZP;1;060922;171600;247.5000000;247.5700000;247.5000000;247.5300000;114640
GAZP;1;060922;171700;247.5400000;247.7400000;247.5000000;247.7200000;52860
GAZP;1;060922;171800;247.7200000;247.8000000;247.5600000;247.7100000;44080
GAZP;1;060922;171900;247.7100000;247.7200000;247.1000000;247.1400000;99430
GAZP;1;060922;172000;247.1500000;247.1900000;246.7800000;246.8200000;137440
GAZP;1;060922;172100;246.8600000;246.9100000;246.6200000;246.6900000;41630
GAZP;1;060922;172200;246.6900000;246.7200000;246.2200000;246.2400000;90040
GAZP;1;060922;172300;246.2400000;246.2900000;246.1300000;246.1500000;72080
GAZP;1;060922;172400;246.2000000;246.4600000;246.1200000;246.4600000;39930
GAZP;1;060922;172500;246.3600000;246.4800000;246.3200000;246.3800000;24990
GAZP;1;060922;172600;246.3800000;246.6100000;246.3800000;246.6000000;18630
GAZP;1;060922;172700;246.6100000;246.8600000;246.6000000;246.8400000;34660
GAZP;1;060922;172800;246.8000000;247.2000000;246.6700000;247.1400000;123110
GAZP;1;060922;172900;247.1500000;247.2900000;247.0700000;247.0700000;57730
GAZP;1;060922;173000;247.0500000;247.1600000;247.0000000;247.0100000;25440
GAZP;1;060922;173100;247.0500000;247.2100000;247.0400000;247.1100000;29990
GAZP;1;060922;173200;247.1100000;247.2100000;247.0400000;247.0400000;23940
GAZP;1;060922;173300;247.0400000;247.2000000;246.9000000;246.9600000;123600
GAZP;1;060922;173400;246.9600000;246.9700000;246.7100000;246.7100000;30510
GAZP;1;060922;173500;246.7900000;246.8000000;246.3100000;246.5200000;103400
GAZP;1;060922;173600;246.5300000;246.5800000;246.1200000;246.1200000;54420
GAZP;1;060922;173700;246.1200000;246.4600000;246.1000000;246.4600000;54360
GAZP;1;060922;173800;246.4600000;246.8900000;246.4500000;246.7000000;30990
GAZP;1;060922;173900;246.7500000;247.0800000;246.7500000;247.0800000;30400
GAZP;1;060922;174000;247.0800000;247.1400000;246.8600000;246.8600000;21460
GAZP;1;060922;174100;246.8600000;246.9500000;246.8100000;246.8500000;7940
GAZP;1;060922;174200;246.9500000;247.1000000;246.9000000;247.0700000;9540
GAZP;1;060922;174300;247.0900000;247.1600000;247.0200000;247.0700000;26600
GAZP;1;060922;174400;247.0700000;247.1200000;246.9300000;246.9900000;46940
GAZP;1;060922;174500;246.9500000;246.9500000;246.8000000;246.9000000;12600
GAZP;1;060922;174600;246.9000000;247.0000000;246.7700000;246.8000000;26940
GAZP;1;060922;174700;246.8000000;246.8000000;246.5100000;246.6600000;14810
GAZP;1;060922;174800;246.6600000;246.6600000;246.4500000;246.5700000;15240
GAZP;1;060922;174900;246.5700000;246.6000000;246.4500000;246.5000000;26030
GAZP;1;060922;175000;246.5600000;246.7500000;246.4900000;246.7500000;17540
GAZP;1;060922;175100;246.7500000;246.9000000;246.7500000;246.8400000;14790
GAZP;1;060922;175200;246.8400000;247.0000000;246.8400000;246.8800000;19880
GAZP;1;060922;175300;246.8800000;246.9100000;246.8000000;246.9000000;6410
GAZP;1;060922;175400;246.9000000;246.9200000;246.8500000;246.8500000;11010
GAZP;1;060922;175500;246.9100000;246.9100000;246.7500000;246.7500000;6700
GAZP;1;060922;175600;246.8000000;246.8400000;246.7200000;246.8200000;13600
GAZP;1;060922;175700;246.8200000;246.8200000;246.7000000;246.7400000;17200
GAZP;1;060922;175800;246.7100000;246.7500000;246.7000000;246.7000000;14360
GAZP;1;060922;175900;246.7000000;246.7300000;246.6800000;246.6900000;11610
GAZP;1;060922;180000;246.6900000;246.7000000;246.6500000;246.6900000;20040
GAZP;1;060922;180100;246.6800000;246.7900000;246.6800000;246.7100000;24900
GAZP;1;060922;180200;246.7300000;246.8500000;246.7000000;246.7700000;18630
GAZP;1;060922;180300;246.7700000;246.7700000;246.6400000;246.7500000;3350
GAZP;1;060922;180400;246.7500000;246.8000000;246.7100000;246.7100000;2200
GAZP;1;060922;180500;246.7500000;246.7500000;246.6000000;246.6000000;42920
GAZP;1;060922;180600;246.6000000;246.6000000;246.2500000;246.3100000;48380
GAZP;1;060922;180700;246.3100000;246.3100000;246.1300000;246.2000000;44310
GAZP;1;060922;180800;246.2100000;246.3600000;246.1500000;246.3300000;20900
GAZP;1;060922;180900;246.3000000;246.3300000;246.1600000;246.1900000;14110
GAZP;1;060922;181000;246.2500000;246.3000000;246.0000000;246.1500000;148120
GAZP;1;060922;181100;246.2000000;246.4000000;246.1400000;246.3000000;30040
GAZP;1;060922;181200;246.2800000;246.3100000;246.2000000;246.2100000;9140
GAZP;1;060922;181300;246.3000000;246.3000000;246.2000000;246.3000000;13080
GAZP;1;060922;181400;246.3000000;246.3000000;246.1200000;246.1200000;7440
GAZP;1;060922;181500;246.1400000;246.2100000;246.1000000;246.1000000;7830
GAZP;1;060922;181600;246.1200000;246.1300000;246.0200000;246.0600000;37960
GAZP;1;060922;181700;246.0600000;246.3100000;246.0200000;246.3000000;29780
GAZP;1;060922;181800;246.3100000;246.3100000;246.1000000;246.1800000;27770
GAZP;1;060922;181900;246.1300000;246.3000000;246.1200000;246.2000000;2640
GAZP;1;060922;182000;246.2400000;246.4000000;246.1900000;246.3200000;26310
GAZP;1;060922;182100;246.4000000;246.5800000;246.3200000;246.5100000;32950
GAZP;1;060922;182200;246.4900000;246.4900000;246.2500000;246.3500000;10470
GAZP;1;060922;182300;246.3500000;246.4000000;246.0000000;246.0700000;96150
GAZP;1;060922;182400;246.1700000;246.1900000;245.7000000;245.7600000;84520
GAZP;1;060922;182500;245.7500000;246.1500000;245.7000000;246.1400000;154400
GAZP;1;060922;182600;246.1100000;246.1800000;245.9900000;246.1100000;15650
GAZP;1;060922;182700;246.0200000;246.1000000;245.7700000;245.7700000;84180
GAZP;1;060922;182800;245.7800000;245.8400000;245.6300000;245.7500000;54900
GAZP;1;060922;182900;245.8000000;245.9100000;245.7500000;245.8500000;15490
GAZP;1;060922;183000;245.8200000;245.9200000;245.7500000;245.7700000;18680
GAZP;1;060922;183100;245.8000000;245.8000000;245.5900000;245.6000000;59890
GAZP;1;060922;183200;245.6000000;245.6000000;245.5800000;245.6000000;39180
GAZP;1;060922;183300;245.6000000;245.7000000;245.5800000;245.6900000;23550
GAZP;1;060922;183400;245.6900000;245.8300000;245.6900000;245.7600000;20390
GAZP;1;060922;183500;245.7600000;246.0500000;245.5500000;245.5500000;165940
GAZP;1;060922;183600;245.6000000;245.7000000;245.4100000;245.6800000;132260
GAZP;1;060922;183700;245.6800000;246.0400000;245.6800000;245.7200000;52390
GAZP;1;060922;183800;245.9100000;245.9800000;245.7600000;245.8300000;40050
GAZP;1;060922;183900;245.9100000;245.9500000;245.7000000;245.8000000;26600
GAZP;1;060922;184000;245.7800000;246.1300000;245.6100000;246.0000000;169620
GAZP;1;060922;184600;246.0000000;246.0000000;246.0000000;246.0000000;40620
GAZP;1;060922;184700;246.0000000;246.0000000;246.0000000;246.0000000;2280
GAZP;1;060922;184800;246.0000000;246.0000000;246.0000000;246.0000000;5390
GAZP;1;060922;184900;246.0000000;246.0000000;246.0000000;246.0000000;8780
GAZP;1;060922;185000;246.0000000;246.0000000;246.0000000;246.0000000;7870
